IP地址,端口,TLS,数据中心,地区,城市,网络延迟,下载速度
34.80.142.93,443,TRUE,TPE,Asia Pacific,Taipei,78 ms,15363 kB/s
34.154.6.72,443,TRUE,FRA,Europe,Frankfurt,250 ms,5613 kB/s
34.65.150.119,443,TRUE,FRA,Europe,Frankfurt,236 ms,5237 kB/s
34.116.195.249,443,TRUE,FRA,Europe,Frankfurt,273 ms,4921 kB/s
34.65.201.127,443,TRUE,FRA,Europe,Frankfurt,231 ms,4916 kB/s
34.118.46.250,443,TRUE,FRA,Europe,Frankfurt,296 ms,4911 kB/s
34.90.108.106,443,TRUE,FRA,Europe,Frankfurt,254 ms,4880 kB/s
34.116.142.118,443,TRUE,FRA,Europe,Frankfurt,300 ms,4750 kB/s
34.154.248.87,443,TRUE,FRA,Europe,Frankfurt,246 ms,4665 kB/s
34.65.86.132,443,TRUE,FRA,Europe,Frankfurt,256 ms,4595 kB/s
34.118.11.220,443,TRUE,FRA,Europe,Frankfurt,279 ms,4543 kB/s
34.116.231.238,443,TRUE,FRA,Europe,Frankfurt,286 ms,4472 kB/s
34.91.71.101,443,TRUE,FRA,Europe,Frankfurt,249 ms,4464 kB/s
34.118.126.123,443,TRUE,FRA,Europe,Frankfurt,287 ms,4392 kB/s
34.154.245.81,443,TRUE,FRA,Europe,Frankfurt,243 ms,4381 kB/s
34.116.214.251,443,TRUE,FRA,Europe,Frankfurt,291 ms,4336 kB/s
34.154.164.20,443,TRUE,FRA,Europe,Frankfurt,240 ms,4334 kB/s
34.65.236.103,443,TRUE,FRA,Europe,Frankfurt,235 ms,4328 kB/s
34.65.216.199,443,TRUE,FRA,Europe,Frankfurt,229 ms,4284 kB/s
34.34.42.7,443,TRUE,FRA,Europe,Frankfurt,246 ms,4257 kB/s
34.116.248.189,443,TRUE,FRA,Europe,Frankfurt,277 ms,4202 kB/s
34.91.250.0,443,TRUE,FRA,Europe,Frankfurt,245 ms,4164 kB/s
34.65.226.188,443,TRUE,FRA,Europe,Frankfurt,236 ms,4123 kB/s
34.32.151.237,443,TRUE,FRA,Europe,Frankfurt,260 ms,4117 kB/s
34.154.230.148,443,TRUE,FRA,Europe,Frankfurt,239 ms,4101 kB/s
35.204.32.219,443,TRUE,FRA,Europe,Frankfurt,243 ms,4100 kB/s
34.116.156.226,443,TRUE,FRA,Europe,Frankfurt,292 ms,4075 kB/s
34.154.172.44,443,TRUE,FRA,Europe,Frankfurt,270 ms,4072 kB/s
34.118.11.212,443,TRUE,FRA,Europe,Frankfurt,276 ms,4012 kB/s
34.118.78.27,443,TRUE,FRA,Europe,Frankfurt,296 ms,4001 kB/s
34.118.92.6,443,TRUE,FRA,Europe,Frankfurt,268 ms,3944 kB/s
34.118.6.166,443,TRUE,FRA,Europe,Frankfurt,279 ms,3932 kB/s
34.90.186.118,443,TRUE,FRA,Europe,Frankfurt,256 ms,3930 kB/s
34.65.84.112,443,TRUE,FRA,Europe,Frankfurt,256 ms,3913 kB/s
34.116.149.54,443,TRUE,FRA,Europe,Frankfurt,247 ms,3810 kB/s
34.116.221.100,443,TRUE,FRA,Europe,Frankfurt,297 ms,3757 kB/s
34.154.232.65,443,TRUE,FRA,Europe,Frankfurt,241 ms,3734 kB/s
34.154.178.111,443,TRUE,FRA,Europe,Frankfurt,268 ms,3686 kB/s
34.91.64.141,443,TRUE,FRA,Europe,Frankfurt,249 ms,3628 kB/s
34.154.26.7,443,TRUE,FRA,Europe,Frankfurt,247 ms,3512 kB/s
34.118.121.235,443,TRUE,FRA,Europe,Frankfurt,282 ms,3460 kB/s
34.154.131.195,443,TRUE,FRA,Europe,Frankfurt,254 ms,3456 kB/s
34.91.66.231,443,TRUE,FRA,Europe,Frankfurt,244 ms,3436 kB/s
34.116.249.57,443,TRUE,FRA,Europe,Frankfurt,283 ms,3427 kB/s
34.65.214.170,443,TRUE,FRA,Europe,Frankfurt,240 ms,3372 kB/s
34.65.118.63,443,TRUE,FRA,Europe,Frankfurt,230 ms,3337 kB/s
34.116.218.79,443,TRUE,FRA,Europe,Frankfurt,274 ms,3311 kB/s
34.107.94.122,443,TRUE,FRA,Europe,Frankfurt,234 ms,3285 kB/s
34.32.240.117,443,TRUE,FRA,Europe,Frankfurt,247 ms,3236 kB/s
34.116.225.214,443,TRUE,FRA,Europe,Frankfurt,278 ms,3224 kB/s
34.154.205.28,443,TRUE,FRA,Europe,Frankfurt,257 ms,3135 kB/s
34.107.56.108,443,TRUE,FRA,Europe,Frankfurt,235 ms,3087 kB/s
35.234.82.120,443,TRUE,FRA,Europe,Frankfurt,225 ms,2924 kB/s
34.107.50.26,443,TRUE,FRA,Europe,Frankfurt,304 ms,2916 kB/s
34.32.166.130,443,TRUE,FRA,Europe,Frankfurt,251 ms,2914 kB/s
34.118.99.120,443,TRUE,FRA,Europe,Frankfurt,286 ms,2762 kB/s
34.89.224.127,443,TRUE,FRA,Europe,Frankfurt,244 ms,2760 kB/s
34.65.99.243,443,TRUE,FRA,Europe,Frankfurt,247 ms,2700 kB/s
34.65.77.172,443,TRUE,FRA,Europe,Frankfurt,267 ms,2669 kB/s
34.91.67.64,443,TRUE,FRA,Europe,Frankfurt,247 ms,2655 kB/s
34.89.203.75,443,TRUE,FRA,Europe,Frankfurt,237 ms,2604 kB/s
34.116.247.197,443,TRUE,AMS,Europe,Amsterdam,298 ms,2594 kB/s
34.91.110.191,443,TRUE,FRA,Europe,Frankfurt,254 ms,2547 kB/s
34.32.173.210,443,TRUE,FRA,Europe,Frankfurt,244 ms,2543 kB/s
34.34.24.107,443,TRUE,FRA,Europe,Frankfurt,251 ms,2530 kB/s
35.204.46.220,443,TRUE,FRA,Europe,Frankfurt,240 ms,2479 kB/s
34.90.56.154,443,TRUE,FRA,Europe,Frankfurt,261 ms,2460 kB/s
34.65.119.116,443,TRUE,FRA,Europe,Frankfurt,247 ms,2459 kB/s
34.91.228.224,443,TRUE,FRA,Europe,Frankfurt,243 ms,2434 kB/s
34.65.40.117,443,TRUE,FRA,Europe,Frankfurt,241 ms,2418 kB/s
34.90.155.147,443,TRUE,FRA,Europe,Frankfurt,243 ms,2390 kB/s
34.154.37.246,443,TRUE,FRA,Europe,Frankfurt,242 ms,2380 kB/s
34.118.78.11,443,TRUE,FRA,Europe,Frankfurt,275 ms,2356 kB/s
34.65.130.144,443,TRUE,FRA,Europe,Frankfurt,243 ms,2341 kB/s
34.65.122.213,443,TRUE,FRA,Europe,Frankfurt,245 ms,2281 kB/s
34.89.145.108,443,TRUE,FRA,Europe,Frankfurt,251 ms,2271 kB/s
34.65.54.201,443,TRUE,FRA,Europe,Frankfurt,236 ms,2268 kB/s
34.34.35.197,443,TRUE,FRA,Europe,Frankfurt,250 ms,2268 kB/s
34.91.188.243,443,TRUE,FRA,Europe,Frankfurt,238 ms,2267 kB/s
34.65.140.253,443,TRUE,FRA,Europe,Frankfurt,235 ms,2244 kB/s
34.65.222.97,443,TRUE,FRA,Europe,Frankfurt,232 ms,2233 kB/s
34.118.1.202,443,TRUE,FRA,Europe,Frankfurt,297 ms,2222 kB/s
34.65.41.157,443,TRUE,FRA,Europe,Frankfurt,235 ms,2124 kB/s
34.65.207.85,443,TRUE,FRA,Europe,Frankfurt,235 ms,2087 kB/s
34.116.251.158,443,TRUE,AMS,Europe,Amsterdam,299 ms,2086 kB/s
34.116.158.196,443,TRUE,FRA,Europe,Frankfurt,293 ms,2085 kB/s
34.91.75.60,443,TRUE,FRA,Europe,Frankfurt,252 ms,2073 kB/s
34.154.169.19,443,TRUE,FRA,Europe,Frankfurt,253 ms,1989 kB/s
34.118.101.53,443,TRUE,FRA,Europe,Frankfurt,301 ms,1956 kB/s
34.90.71.209,443,TRUE,FRA,Europe,Frankfurt,264 ms,1929 kB/s
34.116.132.31,443,TRUE,FRA,Europe,Frankfurt,299 ms,1913 kB/s
34.90.84.203,443,TRUE,FRA,Europe,Frankfurt,248 ms,1887 kB/s
34.65.219.21,443,TRUE,FRA,Europe,Frankfurt,232 ms,1884 kB/s
34.107.14.208,443,TRUE,FRA,Europe,Frankfurt,250 ms,1884 kB/s
34.118.119.46,443,TRUE,FRA,Europe,Frankfurt,295 ms,1881 kB/s
34.107.48.37,443,TRUE,FRA,Europe,Frankfurt,248 ms,1871 kB/s
34.154.135.191,443,TRUE,FRA,Europe,Frankfurt,231 ms,1862 kB/s
34.154.240.99,443,TRUE,FRA,Europe,Frankfurt,245 ms,1842 kB/s
34.154.223.58,443,TRUE,FRA,Europe,Frankfurt,238 ms,1823 kB/s
34.91.12.47,443,TRUE,FRA,Europe,Frankfurt,247 ms,1821 kB/s
34.118.40.155,443,TRUE,FRA,Europe,Frankfurt,281 ms,1778 kB/s
34.116.159.95,443,TRUE,FRA,Europe,Frankfurt,282 ms,1743 kB/s
34.118.82.136,443,TRUE,FRA,Europe,Frankfurt,274 ms,1679 kB/s
34.90.29.94,443,TRUE,FRA,Europe,Frankfurt,257 ms,1672 kB/s
34.154.245.132,443,TRUE,FRA,Europe,Frankfurt,249 ms,1663 kB/s
34.91.69.135,443,TRUE,FRA,Europe,Frankfurt,252 ms,1651 kB/s
34.116.185.16,443,TRUE,FRA,Europe,Frankfurt,296 ms,1647 kB/s
34.116.238.191,443,TRUE,FRA,Europe,Frankfurt,289 ms,1631 kB/s
34.116.156.196,443,TRUE,FRA,Europe,Frankfurt,299 ms,1609 kB/s
34.118.54.237,443,TRUE,FRA,Europe,Frankfurt,291 ms,1592 kB/s
34.118.76.103,443,TRUE,FRA,Europe,Frankfurt,276 ms,1585 kB/s
34.116.188.159,443,TRUE,FRA,Europe,Frankfurt,283 ms,1534 kB/s
34.116.147.141,443,TRUE,FRA,Europe,Frankfurt,283 ms,1487 kB/s
34.32.207.49,443,TRUE,FRA,Europe,Frankfurt,256 ms,1462 kB/s
34.116.131.199,443,TRUE,FRA,Europe,Frankfurt,279 ms,1458 kB/s
34.90.255.182,443,TRUE,FRA,Europe,Frankfurt,251 ms,1458 kB/s
34.65.16.59,443,TRUE,FRA,Europe,Frankfurt,235 ms,1440 kB/s
34.65.212.101,443,TRUE,FRA,Europe,Frankfurt,234 ms,1431 kB/s
34.118.78.222,443,TRUE,FRA,Europe,Frankfurt,292 ms,1430 kB/s
34.116.234.141,443,TRUE,FRA,Europe,Frankfurt,287 ms,1360 kB/s
34.154.117.230,443,TRUE,FRA,Europe,Frankfurt,249 ms,1336 kB/s
34.116.181.51,443,TRUE,FRA,Europe,Frankfurt,299 ms,1333 kB/s
34.65.163.137,443,TRUE,FRA,Europe,Frankfurt,237 ms,1286 kB/s
34.118.27.151,443,TRUE,FRA,Europe,Frankfurt,283 ms,1283 kB/s
34.90.123.5,443,TRUE,FRA,Europe,Frankfurt,261 ms,1268 kB/s
34.116.174.240,443,TRUE,FRA,Europe,Frankfurt,290 ms,1241 kB/s
34.116.206.29,443,TRUE,FRA,Europe,Frankfurt,275 ms,1136 kB/s
34.118.78.73,443,TRUE,FRA,Europe,Frankfurt,272 ms,1100 kB/s
34.116.151.54,443,TRUE,FRA,Europe,Frankfurt,276 ms,1099 kB/s
34.90.231.30,443,TRUE,FRA,Europe,Frankfurt,251 ms,1078 kB/s
34.118.3.118,443,TRUE,FRA,Europe,Frankfurt,276 ms,1036 kB/s
34.154.207.2,443,TRUE,FRA,Europe,Frankfurt,263 ms,1033 kB/s
34.154.143.213,443,TRUE,FRA,Europe,Frankfurt,245 ms,994 kB/s
35.204.152.142,443,TRUE,FRA,Europe,Frankfurt,247 ms,985 kB/s
34.118.2.183,443,TRUE,FRA,Europe,Frankfurt,298 ms,921 kB/s
34.118.102.129,443,TRUE,FRA,Europe,Frankfurt,303 ms,908 kB/s
34.116.216.206,443,TRUE,FRA,Europe,Frankfurt,289 ms,896 kB/s
34.118.115.104,443,TRUE,FRA,Europe,Frankfurt,299 ms,883 kB/s
34.65.197.0,443,TRUE,FRA,Europe,Frankfurt,238 ms,806 kB/s
34.89.204.90,443,TRUE,FRA,Europe,Frankfurt,240 ms,774 kB/s
34.159.194.36,443,TRUE,FRA,Europe,Frankfurt,243 ms,735 kB/s
35.229.161.32,443,TRUE,TPE,Asia Pacific,Taipei,81 ms,723 kB/s
34.147.91.221,443,TRUE,FRA,Europe,Frankfurt,251 ms,662 kB/s
35.246.230.27,443,TRUE,FRA,Europe,Frankfurt,234 ms,579 kB/s
34.154.104.145,443,TRUE,FRA,Europe,Frankfurt,253 ms,572 kB/s
34.116.181.67,443,TRUE,FRA,Europe,Frankfurt,296 ms,564 kB/s
34.154.164.148,443,TRUE,FRA,Europe,Frankfurt,246 ms,556 kB/s
34.154.198.179,443,TRUE,FRA,Europe,Frankfurt,264 ms,515 kB/s
34.118.80.189,443,TRUE,FRA,Europe,Frankfurt,286 ms,475 kB/s
34.91.84.129,443,TRUE,FRA,Europe,Frankfurt,247 ms,457 kB/s
34.91.206.56,443,TRUE,FRA,Europe,Frankfurt,247 ms,444 kB/s
34.116.143.136,443,TRUE,FRA,Europe,Frankfurt,288 ms,408 kB/s
34.116.195.230,443,TRUE,FRA,Europe,Frankfurt,296 ms,400 kB/s
34.118.117.35,443,TRUE,FRA,Europe,Frankfurt,279 ms,387 kB/s
34.90.30.193,443,TRUE,FRA,Europe,Frankfurt,250 ms,374 kB/s
34.116.142.89,443,TRUE,FRA,Europe,Frankfurt,299 ms,344 kB/s
34.91.31.93,443,TRUE,FRA,Europe,Frankfurt,243 ms,329 kB/s
34.154.173.177,443,TRUE,FRA,Europe,Frankfurt,277 ms,265 kB/s
34.118.44.55,443,TRUE,FRA,Europe,Frankfurt,286 ms,255 kB/s
34.154.157.176,443,TRUE,FRA,Europe,Frankfurt,237 ms,86 kB/s
34.65.180.77,443,TRUE,FRA,Europe,Frankfurt,233 ms,0 kB/s
34.116.255.149,443,TRUE,FRA,Europe,Frankfurt,286 ms,0 kB/s
34.154.217.153,443,TRUE,FRA,Europe,Frankfurt,253 ms,0 kB/s
34.90.145.46,443,TRUE,FRA,Europe,Frankfurt,247 ms,0 kB/s
34.22.100.72,443,TRUE,ICN,Asia Pacific,Seoul,215 ms,0 kB/s
34.65.254.136,443,TRUE,FRA,Europe,Frankfurt,244 ms,0 kB/s
34.89.151.141,443,TRUE,FRA,Europe,Frankfurt,246 ms,0 kB/s
34.90.250.194,443,TRUE,FRA,Europe,Frankfurt,243 ms,0 kB/s
34.116.132.141,443,TRUE,FRA,Europe,Frankfurt,284 ms,0 kB/s
35.236.55.171,443,TRUE,LAX,North America,Los Angeles,206 ms,0 kB/s
34.159.126.157,443,TRUE,FRA,Europe,Frankfurt,247 ms,0 kB/s
34.32.146.80,443,TRUE,FRA,Europe,Frankfurt,261 ms,0 kB/s
34.116.176.165,443,TRUE,FRA,Europe,Frankfurt,272 ms,0 kB/s
34.65.181.48,443,TRUE,FRA,Europe,Frankfurt,230 ms,0 kB/s
34.154.100.104,443,TRUE,FRA,Europe,Frankfurt,246 ms,0 kB/s
34.118.64.153,443,TRUE,FRA,Europe,Frankfurt,292 ms,0 kB/s
34.83.75.32,443,TRUE,SEA,North America,Seattle,201 ms,0 kB/s
47.243.162.49,2053,TRUE,HKG,Asia Pacific,Hong Kong,61 ms,14887 kB/s
47.76.94.15,2053,TRUE,HKG,Asia Pacific,Hong Kong,58 ms,9544 kB/s
47.88.101.9,80,TRUE,SJC,North America,San Jose,170 ms,7477 kB/s
47.76.94.15,2087,TRUE,HKG,Asia Pacific,Hong Kong,64 ms,7428 kB/s
8.210.9.129,2087,TRUE,HKG,Asia Pacific,Hong Kong,71 ms,7200 kB/s
47.243.162.49,2087,TRUE,HKG,Asia Pacific,Hong Kong,62 ms,6967 kB/s
8.210.9.129,2083,TRUE,HKG,Asia Pacific,Hong Kong,65 ms,6932 kB/s
8.210.9.129,8443,TRUE,HKG,Asia Pacific,Hong Kong,69 ms,6901 kB/s
8.219.97.179,2083,TRUE,SIN,Asia Pacific,Singapore,232 ms,6555 kB/s
47.243.162.49,2083,TRUE,HKG,Asia Pacific,Hong Kong,57 ms,6535 kB/s
8.219.97.179,2096,TRUE,SIN,Asia Pacific,Singapore,218 ms,6169 kB/s
47.243.162.49,8443,TRUE,HKG,Asia Pacific,Hong Kong,60 ms,6146 kB/s
47.236.121.7,2083,TRUE,SIN,Asia Pacific,Singapore,220 ms,6117 kB/s
47.236.87.246,2096,TRUE,SIN,Asia Pacific,Singapore,239 ms,5756 kB/s
8.219.245.187,2083,TRUE,SIN,Asia Pacific,Singapore,254 ms,5723 kB/s
47.236.75.113,2053,TRUE,SIN,Asia Pacific,Singapore,218 ms,5684 kB/s
8.219.67.133,8443,TRUE,SIN,Asia Pacific,Singapore,223 ms,5682 kB/s
47.236.97.90,2096,TRUE,SIN,Asia Pacific,Singapore,233 ms,5679 kB/s
8.219.101.138,2053,TRUE,SIN,Asia Pacific,Singapore,243 ms,5666 kB/s
8.219.101.138,2096,TRUE,SIN,Asia Pacific,Singapore,213 ms,5636 kB/s
47.236.10.100,2096,TRUE,SIN,Asia Pacific,Singapore,254 ms,5529 kB/s
47.236.144.156,8443,TRUE,SIN,Asia Pacific,Singapore,219 ms,5503 kB/s
47.236.10.182,2083,TRUE,SIN,Asia Pacific,Singapore,233 ms,5493 kB/s
8.222.254.91,8443,TRUE,SIN,Asia Pacific,Singapore,231 ms,5449 kB/s
47.236.172.95,2053,TRUE,SIN,Asia Pacific,Singapore,229 ms,5403 kB/s
47.236.10.182,8443,TRUE,SIN,Asia Pacific,Singapore,256 ms,5393 kB/s
47.236.180.51,2053,TRUE,SIN,Asia Pacific,Singapore,217 ms,5391 kB/s
47.76.94.15,2096,TRUE,HKG,Asia Pacific,Hong Kong,60 ms,5385 kB/s
47.236.171.205,2083,TRUE,SIN,Asia Pacific,Singapore,220 ms,5378 kB/s
47.236.10.182,2096,TRUE,SIN,Asia Pacific,Singapore,252 ms,5343 kB/s
47.76.32.108,2096,TRUE,HKG,Asia Pacific,Hong Kong,64 ms,5336 kB/s
8.219.67.133,2053,TRUE,SIN,Asia Pacific,Singapore,217 ms,5317 kB/s
47.236.144.196,8443,TRUE,SIN,Asia Pacific,Singapore,212 ms,5241 kB/s
47.236.117.48,443,TRUE,SIN,Asia Pacific,Singapore,250 ms,5182 kB/s
8.219.106.156,2083,TRUE,SIN,Asia Pacific,Singapore,230 ms,5171 kB/s
47.236.254.120,2096,TRUE,SIN,Asia Pacific,Singapore,238 ms,5131 kB/s
8.222.219.34,2096,TRUE,SIN,Asia Pacific,Singapore,223 ms,5026 kB/s
47.236.104.98,2087,TRUE,SIN,Asia Pacific,Singapore,216 ms,5000 kB/s
47.236.168.17,2096,TRUE,SIN,Asia Pacific,Singapore,232 ms,4983 kB/s
47.236.174.206,2053,TRUE,SIN,Asia Pacific,Singapore,255 ms,4981 kB/s
47.236.158.158,2096,TRUE,SIN,Asia Pacific,Singapore,244 ms,4976 kB/s
47.236.144.156,2053,TRUE,SIN,Asia Pacific,Singapore,220 ms,4870 kB/s
8.222.254.91,2053,TRUE,SIN,Asia Pacific,Singapore,216 ms,4833 kB/s
47.236.83.239,8443,TRUE,SIN,Asia Pacific,Singapore,220 ms,4766 kB/s
47.236.121.7,2087,TRUE,SIN,Asia Pacific,Singapore,215 ms,4763 kB/s
47.236.144.196,2083,TRUE,SIN,Asia Pacific,Singapore,220 ms,4757 kB/s
47.236.104.98,2096,TRUE,SIN,Asia Pacific,Singapore,242 ms,4743 kB/s
47.236.144.156,2083,TRUE,SIN,Asia Pacific,Singapore,229 ms,4741 kB/s
47.236.116.26,2053,TRUE,SIN,Asia Pacific,Singapore,243 ms,4719 kB/s
47.236.121.7,2053,TRUE,SIN,Asia Pacific,Singapore,214 ms,4712 kB/s
47.236.144.196,2053,TRUE,SIN,Asia Pacific,Singapore,235 ms,4683 kB/s
47.236.169.141,8443,TRUE,SIN,Asia Pacific,Singapore,237 ms,4675 kB/s
47.236.172.95,8443,TRUE,SIN,Asia Pacific,Singapore,241 ms,4667 kB/s
47.236.104.98,443,TRUE,SIN,Asia Pacific,Singapore,261 ms,4662 kB/s
47.236.180.51,2087,TRUE,SIN,Asia Pacific,Singapore,220 ms,4651 kB/s
47.236.75.113,2083,TRUE,SIN,Asia Pacific,Singapore,212 ms,4640 kB/s
8.222.219.34,8443,TRUE,SIN,Asia Pacific,Singapore,219 ms,4638 kB/s
47.236.149.107,2087,TRUE,SIN,Asia Pacific,Singapore,220 ms,4575 kB/s
47.236.121.7,8443,TRUE,SIN,Asia Pacific,Singapore,215 ms,4552 kB/s
8.222.219.34,2083,TRUE,SIN,Asia Pacific,Singapore,213 ms,4496 kB/s
8.219.245.187,2087,TRUE,SIN,Asia Pacific,Singapore,221 ms,4490 kB/s
47.236.75.113,2096,TRUE,SIN,Asia Pacific,Singapore,239 ms,4463 kB/s
47.236.172.71,2096,TRUE,SIN,Asia Pacific,Singapore,230 ms,4439 kB/s
47.236.149.107,2083,TRUE,SIN,Asia Pacific,Singapore,225 ms,4433 kB/s
47.236.10.100,8443,TRUE,SIN,Asia Pacific,Singapore,249 ms,4428 kB/s
47.236.168.17,2087,TRUE,SIN,Asia Pacific,Singapore,231 ms,4412 kB/s
47.236.117.48,2083,TRUE,SIN,Asia Pacific,Singapore,246 ms,4398 kB/s
47.236.166.131,8443,TRUE,SIN,Asia Pacific,Singapore,227 ms,4373 kB/s
47.236.123.133,2096,TRUE,SIN,Asia Pacific,Singapore,219 ms,4342 kB/s
47.236.166.131,2053,TRUE,SIN,Asia Pacific,Singapore,215 ms,4331 kB/s
47.236.123.133,2083,TRUE,SIN,Asia Pacific,Singapore,237 ms,4303 kB/s
47.236.169.141,2087,TRUE,SIN,Asia Pacific,Singapore,220 ms,4303 kB/s
47.236.121.7,2096,TRUE,SIN,Asia Pacific,Singapore,221 ms,4300 kB/s
47.236.123.133,2053,TRUE,SIN,Asia Pacific,Singapore,213 ms,4283 kB/s
47.236.104.11,2083,TRUE,SIN,Asia Pacific,Singapore,224 ms,4270 kB/s
8.222.254.91,2083,TRUE,SIN,Asia Pacific,Singapore,246 ms,4261 kB/s
47.236.5.223,2083,TRUE,SIN,Asia Pacific,Singapore,249 ms,4216 kB/s
47.236.150.13,2083,TRUE,SIN,Asia Pacific,Singapore,241 ms,4207 kB/s
47.236.104.11,2087,TRUE,SIN,Asia Pacific,Singapore,242 ms,4196 kB/s
47.236.253.41,2087,TRUE,SIN,Asia Pacific,Singapore,232 ms,4195 kB/s
47.236.202.91,2053,TRUE,SIN,Asia Pacific,Singapore,253 ms,4192 kB/s
47.236.11.84,443,TRUE,SIN,Asia Pacific,Singapore,234 ms,4188 kB/s
47.236.144.208,2096,TRUE,SIN,Asia Pacific,Singapore,221 ms,4156 kB/s
47.236.93.176,2053,TRUE,SIN,Asia Pacific,Singapore,245 ms,4143 kB/s
47.236.116.26,443,TRUE,SIN,Asia Pacific,Singapore,250 ms,4117 kB/s
47.236.10.100,2083,TRUE,SIN,Asia Pacific,Singapore,265 ms,4066 kB/s
47.236.169.164,2083,TRUE,SIN,Asia Pacific,Singapore,233 ms,4061 kB/s
47.236.104.11,2096,TRUE,SIN,Asia Pacific,Singapore,218 ms,4034 kB/s
8.219.101.138,8443,TRUE,SIN,Asia Pacific,Singapore,258 ms,4026 kB/s
47.236.167.231,2083,TRUE,SIN,Asia Pacific,Singapore,236 ms,4021 kB/s
47.236.169.15,2087,TRUE,SIN,Asia Pacific,Singapore,225 ms,3989 kB/s
47.236.253.41,2096,TRUE,SIN,Asia Pacific,Singapore,237 ms,3980 kB/s
47.236.117.48,2096,TRUE,SIN,Asia Pacific,Singapore,226 ms,3968 kB/s
47.236.11.84,2087,TRUE,SIN,Asia Pacific,Singapore,257 ms,3945 kB/s
47.236.169.164,8443,TRUE,SIN,Asia Pacific,Singapore,219 ms,3904 kB/s
47.236.144.208,8443,TRUE,SIN,Asia Pacific,Singapore,221 ms,3899 kB/s
47.236.167.231,2053,TRUE,SIN,Asia Pacific,Singapore,228 ms,3890 kB/s
47.236.10.100,2087,TRUE,SIN,Asia Pacific,Singapore,222 ms,3877 kB/s
47.236.87.246,2087,TRUE,SIN,Asia Pacific,Singapore,229 ms,3803 kB/s
47.236.202.91,2087,TRUE,SIN,Asia Pacific,Singapore,250 ms,3801 kB/s
8.219.101.138,2087,TRUE,SIN,Asia Pacific,Singapore,237 ms,3801 kB/s
47.236.254.120,8443,TRUE,SIN,Asia Pacific,Singapore,232 ms,3764 kB/s
47.236.7.106,2083,TRUE,SIN,Asia Pacific,Singapore,224 ms,3744 kB/s
47.236.83.239,2096,TRUE,SIN,Asia Pacific,Singapore,219 ms,3744 kB/s
47.236.117.48,2087,TRUE,SIN,Asia Pacific,Singapore,220 ms,3717 kB/s
47.236.10.182,2053,TRUE,SIN,Asia Pacific,Singapore,244 ms,3711 kB/s
8.219.67.133,2083,TRUE,SIN,Asia Pacific,Singapore,230 ms,3676 kB/s
8.219.106.156,2087,TRUE,SIN,Asia Pacific,Singapore,223 ms,3673 kB/s
47.236.168.17,2083,TRUE,SIN,Asia Pacific,Singapore,239 ms,3653 kB/s
47.236.172.95,2087,TRUE,SIN,Asia Pacific,Singapore,264 ms,3617 kB/s
8.219.67.133,2096,TRUE,SIN,Asia Pacific,Singapore,213 ms,3616 kB/s
47.236.180.51,2083,TRUE,SIN,Asia Pacific,Singapore,236 ms,3545 kB/s
47.236.253.41,2053,TRUE,SIN,Asia Pacific,Singapore,226 ms,3527 kB/s
47.236.172.95,2083,TRUE,SIN,Asia Pacific,Singapore,255 ms,3522 kB/s
47.236.11.84,2083,TRUE,SIN,Asia Pacific,Singapore,241 ms,3501 kB/s
47.236.169.15,2096,TRUE,SIN,Asia Pacific,Singapore,248 ms,3493 kB/s
47.236.254.120,2053,TRUE,SIN,Asia Pacific,Singapore,222 ms,3488 kB/s
47.236.169.164,2096,TRUE,SIN,Asia Pacific,Singapore,242 ms,3487 kB/s
47.236.166.131,2083,TRUE,SIN,Asia Pacific,Singapore,237 ms,3468 kB/s
47.236.174.206,2096,TRUE,SIN,Asia Pacific,Singapore,242 ms,3459 kB/s
47.236.83.239,2087,TRUE,SIN,Asia Pacific,Singapore,219 ms,3454 kB/s
47.236.83.239,2053,TRUE,SIN,Asia Pacific,Singapore,212 ms,3448 kB/s
47.236.7.106,443,TRUE,SIN,Asia Pacific,Singapore,218 ms,3436 kB/s
47.236.166.131,2087,TRUE,SIN,Asia Pacific,Singapore,215 ms,3413 kB/s
8.219.156.148,2083,TRUE,SIN,Asia Pacific,Singapore,246 ms,3378 kB/s
47.236.167.231,8443,TRUE,SIN,Asia Pacific,Singapore,233 ms,3378 kB/s
47.236.169.141,2096,TRUE,SIN,Asia Pacific,Singapore,251 ms,3287 kB/s
47.237.8.82,2087,TRUE,SIN,Asia Pacific,Singapore,219 ms,3275 kB/s
47.237.8.82,2083,TRUE,SIN,Asia Pacific,Singapore,212 ms,3260 kB/s
47.236.93.176,2096,TRUE,SIN,Asia Pacific,Singapore,211 ms,3234 kB/s
47.236.253.41,2083,TRUE,SIN,Asia Pacific,Singapore,231 ms,3215 kB/s
47.236.150.13,2053,TRUE,SIN,Asia Pacific,Singapore,226 ms,3189 kB/s
47.236.93.176,2083,TRUE,SIN,Asia Pacific,Singapore,218 ms,3119 kB/s
47.236.97.90,2087,TRUE,SIN,Asia Pacific,Singapore,246 ms,3118 kB/s
47.237.8.82,2096,TRUE,SIN,Asia Pacific,Singapore,235 ms,2940 kB/s
47.236.116.26,2087,TRUE,SIN,Asia Pacific,Singapore,246 ms,2927 kB/s
47.236.7.106,8443,TRUE,SIN,Asia Pacific,Singapore,223 ms,2867 kB/s
47.236.174.206,2087,TRUE,SIN,Asia Pacific,Singapore,233 ms,2861 kB/s
8.219.122.55,2053,TRUE,SIN,Asia Pacific,Singapore,215 ms,2847 kB/s
47.236.174.206,8443,TRUE,SIN,Asia Pacific,Singapore,223 ms,2828 kB/s
47.236.116.26,2083,TRUE,SIN,Asia Pacific,Singapore,230 ms,2799 kB/s
47.236.171.205,2087,TRUE,SIN,Asia Pacific,Singapore,219 ms,2774 kB/s
47.236.167.231,2096,TRUE,SIN,Asia Pacific,Singapore,233 ms,2764 kB/s
47.237.8.82,8443,TRUE,SIN,Asia Pacific,Singapore,214 ms,2739 kB/s
8.211.5.69,443,TRUE,FRA,Europe,Frankfurt,266 ms,2732 kB/s
47.236.116.26,8443,TRUE,SIN,Asia Pacific,Singapore,240 ms,2726 kB/s
8.219.156.148,2096,TRUE,SIN,Asia Pacific,Singapore,230 ms,2719 kB/s
8.219.142.191,2096,TRUE,SIN,Asia Pacific,Singapore,217 ms,2694 kB/s
47.236.158.158,2053,TRUE,SIN,Asia Pacific,Singapore,225 ms,2625 kB/s
47.236.11.84,2096,TRUE,SIN,Asia Pacific,Singapore,219 ms,2606 kB/s
8.219.153.237,2083,TRUE,NRT,Asia Pacific,Tokyo,291 ms,2541 kB/s
47.236.10.182,2087,TRUE,SIN,Asia Pacific,Singapore,224 ms,2530 kB/s
47.236.104.11,2053,TRUE,SIN,Asia Pacific,Singapore,213 ms,2522 kB/s
8.219.153.237,2087,TRUE,NRT,Asia Pacific,Tokyo,294 ms,2515 kB/s
8.219.156.148,8443,TRUE,SIN,Asia Pacific,Singapore,219 ms,2476 kB/s
8.219.153.237,8443,TRUE,NRT,Asia Pacific,Tokyo,313 ms,2449 kB/s
47.236.11.84,2053,TRUE,SIN,Asia Pacific,Singapore,233 ms,2411 kB/s
47.236.125.62,2096,TRUE,NRT,Asia Pacific,Tokyo,320 ms,2294 kB/s
47.236.5.223,2087,TRUE,SIN,Asia Pacific,Singapore,230 ms,2174 kB/s
47.236.125.62,2087,TRUE,NRT,Asia Pacific,Tokyo,307 ms,1980 kB/s
47.236.125.62,2053,TRUE,NRT,Asia Pacific,Tokyo,293 ms,1948 kB/s
8.219.245.187,2096,TRUE,SIN,Asia Pacific,Singapore,232 ms,1849 kB/s
47.236.144.196,2087,TRUE,SIN,Asia Pacific,Singapore,231 ms,1686 kB/s
47.89.191.155,443,TRUE,IAD,North America,Ashburn,247 ms,1526 kB/s
47.236.113.184,443,TRUE,SIN,Asia Pacific,Singapore,218 ms,1478 kB/s
47.236.7.106,2087,TRUE,SIN,Asia Pacific,Singapore,235 ms,1427 kB/s
47.236.104.98,2053,TRUE,SIN,Asia Pacific,Singapore,246 ms,1145 kB/s
47.236.38.38,443,TRUE,SIN,Asia Pacific,Singapore,232 ms,1125 kB/s
8.210.107.246,2087,TRUE,HKG,Asia Pacific,Hong Kong,61 ms,1078 kB/s
8.210.107.246,8443,TRUE,HKG,Asia Pacific,Hong Kong,62 ms,1075 kB/s
47.243.162.49,2052,FALSE,HKG,Asia Pacific,Hong Kong,61 ms,16648 kB/s
47.236.7.106,2082,FALSE,SIN,Asia Pacific,Singapore,223 ms,8691 kB/s
47.236.254.120,8880,FALSE,SIN,Asia Pacific,Singapore,230 ms,7748 kB/s
47.237.8.82,80,FALSE,SIN,Asia Pacific,Singapore,221 ms,7565 kB/s
47.236.168.17,8080,FALSE,SIN,Asia Pacific,Singapore,237 ms,7497 kB/s
8.219.156.148,8880,FALSE,SIN,Asia Pacific,Singapore,214 ms,7210 kB/s
47.236.168.17,2095,FALSE,SIN,Asia Pacific,Singapore,233 ms,7077 kB/s
47.236.7.106,2095,FALSE,SIN,Asia Pacific,Singapore,220 ms,7002 kB/s
47.236.87.246,2052,FALSE,SIN,Asia Pacific,Singapore,229 ms,6832 kB/s
47.243.162.49,2086,FALSE,HKG,Asia Pacific,Hong Kong,60 ms,6829 kB/s
8.210.9.129,2052,FALSE,HKG,Asia Pacific,Hong Kong,67 ms,6820 kB/s
47.236.7.106,2086,FALSE,SIN,Asia Pacific,Singapore,225 ms,6815 kB/s
8.219.122.55,8080,FALSE,SIN,Asia Pacific,Singapore,221 ms,6740 kB/s
47.236.169.164,80,FALSE,SIN,Asia Pacific,Singapore,216 ms,6664 kB/s
8.219.209.14,2052,FALSE,SIN,Asia Pacific,Singapore,211 ms,6638 kB/s
47.236.254.120,2095,FALSE,SIN,Asia Pacific,Singapore,247 ms,6546 kB/s
47.236.144.196,8080,FALSE,SIN,Asia Pacific,Singapore,232 ms,6462 kB/s
47.76.94.15,2086,FALSE,HKG,Asia Pacific,Hong Kong,58 ms,6333 kB/s
8.210.9.129,2082,FALSE,HKG,Asia Pacific,Hong Kong,66 ms,6276 kB/s
47.243.162.49,80,FALSE,HKG,Asia Pacific,Hong Kong,55 ms,6248 kB/s
8.219.235.164,2095,FALSE,SIN,Asia Pacific,Singapore,223 ms,6174 kB/s
47.236.10.100,8080,FALSE,SIN,Asia Pacific,Singapore,224 ms,6172 kB/s
47.236.75.113,2086,FALSE,SIN,Asia Pacific,Singapore,219 ms,6168 kB/s
8.219.235.164,2052,FALSE,SIN,Asia Pacific,Singapore,223 ms,6155 kB/s
47.76.32.108,2082,FALSE,HKG,Asia Pacific,Hong Kong,60 ms,6149 kB/s
47.236.10.182,2082,FALSE,SIN,Asia Pacific,Singapore,212 ms,6055 kB/s
47.236.83.239,2086,FALSE,SIN,Asia Pacific,Singapore,236 ms,6010 kB/s
47.236.253.41,80,FALSE,SIN,Asia Pacific,Singapore,225 ms,6006 kB/s
47.236.171.205,2082,FALSE,SIN,Asia Pacific,Singapore,230 ms,5871 kB/s
47.236.7.106,80,FALSE,SIN,Asia Pacific,Singapore,226 ms,5863 kB/s
8.219.106.156,8880,FALSE,SIN,Asia Pacific,Singapore,227 ms,5822 kB/s
47.236.10.100,8880,FALSE,SIN,Asia Pacific,Singapore,210 ms,5806 kB/s
8.219.245.187,8880,FALSE,SIN,Asia Pacific,Singapore,221 ms,5791 kB/s
47.236.93.176,2086,FALSE,SIN,Asia Pacific,Singapore,233 ms,5774 kB/s
47.236.174.206,2052,FALSE,SIN,Asia Pacific,Singapore,232 ms,5736 kB/s
47.236.11.84,2082,FALSE,SIN,Asia Pacific,Singapore,221 ms,5725 kB/s
47.236.144.208,8080,FALSE,SIN,Asia Pacific,Singapore,248 ms,5716 kB/s
8.222.219.34,2082,FALSE,SIN,Asia Pacific,Singapore,215 ms,5688 kB/s
8.219.122.55,2095,FALSE,SIN,Asia Pacific,Singapore,223 ms,5675 kB/s
47.236.165.25,8080,FALSE,SIN,Asia Pacific,Singapore,233 ms,5669 kB/s
8.219.97.179,2086,FALSE,SIN,Asia Pacific,Singapore,233 ms,5620 kB/s
47.236.180.51,2095,FALSE,SIN,Asia Pacific,Singapore,224 ms,5606 kB/s
8.219.101.138,2086,FALSE,SIN,Asia Pacific,Singapore,247 ms,5567 kB/s
47.236.149.107,2082,FALSE,SIN,Asia Pacific,Singapore,233 ms,5556 kB/s
47.236.117.48,2095,FALSE,SIN,Asia Pacific,Singapore,230 ms,5534 kB/s
8.222.219.34,2086,FALSE,SIN,Asia Pacific,Singapore,214 ms,5509 kB/s
47.236.83.239,8880,FALSE,SIN,Asia Pacific,Singapore,213 ms,5476 kB/s
47.236.171.205,2095,FALSE,SIN,Asia Pacific,Singapore,226 ms,5474 kB/s
47.76.94.15,80,FALSE,HKG,Asia Pacific,Hong Kong,59 ms,5437 kB/s
47.236.171.205,8080,FALSE,SIN,Asia Pacific,Singapore,227 ms,5411 kB/s
47.236.10.182,2095,FALSE,SIN,Asia Pacific,Singapore,243 ms,5406 kB/s
47.236.253.41,2052,FALSE,SIN,Asia Pacific,Singapore,236 ms,5389 kB/s
47.76.32.108,2086,FALSE,HKG,Asia Pacific,Hong Kong,62 ms,5362 kB/s
47.236.117.48,8880,FALSE,SIN,Asia Pacific,Singapore,235 ms,5306 kB/s
47.236.123.133,8880,FALSE,SIN,Asia Pacific,Singapore,231 ms,5296 kB/s
47.236.10.182,2052,FALSE,SIN,Asia Pacific,Singapore,245 ms,5280 kB/s
8.219.245.187,2052,FALSE,SIN,Asia Pacific,Singapore,221 ms,5249 kB/s
8.219.67.133,2082,FALSE,SIN,Asia Pacific,Singapore,219 ms,5232 kB/s
47.237.8.82,2052,FALSE,SIN,Asia Pacific,Singapore,240 ms,5207 kB/s
47.236.150.13,8880,FALSE,SIN,Asia Pacific,Singapore,249 ms,5203 kB/s
47.236.93.176,2052,FALSE,SIN,Asia Pacific,Singapore,253 ms,5169 kB/s
47.236.117.48,8080,FALSE,SIN,Asia Pacific,Singapore,220 ms,5156 kB/s
47.237.8.82,2082,FALSE,SIN,Asia Pacific,Singapore,219 ms,5134 kB/s
47.236.144.208,2095,FALSE,SIN,Asia Pacific,Singapore,218 ms,5128 kB/s
8.219.103.57,8080,FALSE,SIN,Asia Pacific,Singapore,231 ms,5127 kB/s
8.219.245.187,2095,FALSE,SIN,Asia Pacific,Singapore,218 ms,5113 kB/s
47.236.254.120,8080,FALSE,SIN,Asia Pacific,Singapore,225 ms,5105 kB/s
47.236.121.7,2082,FALSE,SIN,Asia Pacific,Singapore,226 ms,5105 kB/s
8.222.219.34,80,FALSE,SIN,Asia Pacific,Singapore,221 ms,5105 kB/s
47.236.121.7,2086,FALSE,SIN,Asia Pacific,Singapore,219 ms,5082 kB/s
8.210.9.129,2086,FALSE,HKG,Asia Pacific,Hong Kong,69 ms,5073 kB/s
8.222.219.34,8880,FALSE,SIN,Asia Pacific,Singapore,220 ms,5049 kB/s
8.219.235.164,8080,FALSE,SIN,Asia Pacific,Singapore,235 ms,5046 kB/s
8.219.97.179,8080,FALSE,SIN,Asia Pacific,Singapore,241 ms,5045 kB/s
47.236.117.48,2082,FALSE,SIN,Asia Pacific,Singapore,243 ms,5028 kB/s
47.236.254.120,2086,FALSE,SIN,Asia Pacific,Singapore,223 ms,5007 kB/s
47.236.158.158,2086,FALSE,SIN,Asia Pacific,Singapore,226 ms,4997 kB/s
8.222.254.91,2052,FALSE,SIN,Asia Pacific,Singapore,217 ms,4990 kB/s
47.236.169.15,8880,FALSE,SIN,Asia Pacific,Singapore,221 ms,4982 kB/s
47.236.144.156,8880,FALSE,SIN,Asia Pacific,Singapore,256 ms,4979 kB/s
47.236.144.156,80,FALSE,SIN,Asia Pacific,Singapore,261 ms,4976 kB/s
47.236.11.84,2095,FALSE,SIN,Asia Pacific,Singapore,241 ms,4974 kB/s
47.236.97.90,2052,FALSE,SIN,Asia Pacific,Singapore,239 ms,4970 kB/s
47.236.166.131,2052,FALSE,SIN,Asia Pacific,Singapore,244 ms,4964 kB/s
47.236.116.26,2095,FALSE,SIN,Asia Pacific,Singapore,240 ms,4958 kB/s
8.222.254.91,2095,FALSE,SIN,Asia Pacific,Singapore,217 ms,4931 kB/s
47.236.97.90,2095,FALSE,SIN,Asia Pacific,Singapore,223 ms,4917 kB/s
8.219.101.138,2052,FALSE,SIN,Asia Pacific,Singapore,217 ms,4908 kB/s
47.236.75.113,80,FALSE,SIN,Asia Pacific,Singapore,218 ms,4905 kB/s
47.236.170.54,8880,FALSE,SIN,Asia Pacific,Singapore,227 ms,4879 kB/s
8.219.103.57,2082,FALSE,SIN,Asia Pacific,Singapore,224 ms,4878 kB/s
47.236.123.133,80,FALSE,SIN,Asia Pacific,Singapore,265 ms,4860 kB/s
47.236.254.120,2052,FALSE,SIN,Asia Pacific,Singapore,229 ms,4856 kB/s
47.236.117.48,2052,FALSE,SIN,Asia Pacific,Singapore,253 ms,4841 kB/s
47.236.10.100,2086,FALSE,SIN,Asia Pacific,Singapore,214 ms,4837 kB/s
47.236.144.156,2095,FALSE,SIN,Asia Pacific,Singapore,270 ms,4836 kB/s
47.236.170.54,80,FALSE,SIN,Asia Pacific,Singapore,220 ms,4786 kB/s
47.236.149.107,8080,FALSE,SIN,Asia Pacific,Singapore,229 ms,4764 kB/s
8.222.254.91,2082,FALSE,SIN,Asia Pacific,Singapore,220 ms,4759 kB/s
8.219.67.133,2052,FALSE,SIN,Asia Pacific,Singapore,216 ms,4734 kB/s
8.219.245.187,8080,FALSE,SIN,Asia Pacific,Singapore,219 ms,4724 kB/s
47.236.93.176,8080,FALSE,SIN,Asia Pacific,Singapore,237 ms,4702 kB/s
47.236.104.98,2082,FALSE,SIN,Asia Pacific,Singapore,226 ms,4681 kB/s
47.236.10.100,80,FALSE,SIN,Asia Pacific,Singapore,233 ms,4676 kB/s
8.222.254.91,8080,FALSE,SIN,Asia Pacific,Singapore,235 ms,4601 kB/s
47.236.83.239,80,FALSE,SIN,Asia Pacific,Singapore,235 ms,4601 kB/s
47.236.75.113,8880,FALSE,SIN,Asia Pacific,Singapore,213 ms,4589 kB/s
47.236.10.182,80,FALSE,SIN,Asia Pacific,Singapore,221 ms,4586 kB/s
47.236.149.107,2052,FALSE,SIN,Asia Pacific,Singapore,245 ms,4567 kB/s
8.219.101.138,80,FALSE,SIN,Asia Pacific,Singapore,241 ms,4566 kB/s
47.236.11.84,8880,FALSE,SIN,Asia Pacific,Singapore,243 ms,4549 kB/s
47.236.158.158,2082,FALSE,SIN,Asia Pacific,Singapore,222 ms,4544 kB/s
47.237.8.82,8080,FALSE,SIN,Asia Pacific,Singapore,218 ms,4510 kB/s
8.219.97.179,80,FALSE,SIN,Asia Pacific,Singapore,226 ms,4507 kB/s
47.236.104.11,2086,FALSE,SIN,Asia Pacific,Singapore,234 ms,4486 kB/s
8.219.97.179,2095,FALSE,SIN,Asia Pacific,Singapore,234 ms,4473 kB/s
47.236.165.25,2086,FALSE,SIN,Asia Pacific,Singapore,224 ms,4473 kB/s
47.76.94.15,8880,FALSE,HKG,Asia Pacific,Hong Kong,59 ms,4462 kB/s
47.243.162.49,2095,FALSE,HKG,Asia Pacific,Hong Kong,60 ms,4458 kB/s
47.236.93.176,2095,FALSE,SIN,Asia Pacific,Singapore,236 ms,4432 kB/s
47.236.104.11,2052,FALSE,SIN,Asia Pacific,Singapore,223 ms,4430 kB/s
47.236.10.182,8080,FALSE,SIN,Asia Pacific,Singapore,236 ms,4393 kB/s
47.236.158.158,8080,FALSE,SIN,Asia Pacific,Singapore,252 ms,4388 kB/s
47.236.116.26,8880,FALSE,SIN,Asia Pacific,Singapore,248 ms,4376 kB/s
47.236.83.239,2052,FALSE,SIN,Asia Pacific,Singapore,240 ms,4364 kB/s
47.236.150.13,2082,FALSE,SIN,Asia Pacific,Singapore,243 ms,4354 kB/s
47.236.254.120,80,FALSE,SIN,Asia Pacific,Singapore,230 ms,4343 kB/s
47.236.116.26,80,FALSE,SIN,Asia Pacific,Singapore,218 ms,4341 kB/s
47.236.158.158,8880,FALSE,SIN,Asia Pacific,Singapore,235 ms,4340 kB/s
47.236.170.54,2095,FALSE,SIN,Asia Pacific,Singapore,220 ms,4312 kB/s
47.236.254.120,2082,FALSE,SIN,Asia Pacific,Singapore,225 ms,4298 kB/s
47.236.180.51,2086,FALSE,SIN,Asia Pacific,Singapore,249 ms,4293 kB/s
47.236.104.98,8080,FALSE,SIN,Asia Pacific,Singapore,225 ms,4284 kB/s
47.236.167.231,2082,FALSE,SIN,Asia Pacific,Singapore,238 ms,4278 kB/s
47.236.121.7,80,FALSE,SIN,Asia Pacific,Singapore,271 ms,4275 kB/s
47.236.10.182,2086,FALSE,SIN,Asia Pacific,Singapore,230 ms,4248 kB/s
47.236.169.15,2086,FALSE,SIN,Asia Pacific,Singapore,221 ms,4239 kB/s
47.236.87.246,2095,FALSE,SIN,Asia Pacific,Singapore,219 ms,4238 kB/s
47.236.202.91,2095,FALSE,SIN,Asia Pacific,Singapore,236 ms,4238 kB/s
47.237.8.82,2086,FALSE,SIN,Asia Pacific,Singapore,232 ms,4228 kB/s
47.236.165.25,2095,FALSE,SIN,Asia Pacific,Singapore,236 ms,4219 kB/s
47.236.172.71,80,FALSE,SIN,Asia Pacific,Singapore,237 ms,4214 kB/s
47.243.162.49,2082,FALSE,HKG,Asia Pacific,Hong Kong,57 ms,4213 kB/s
47.236.171.205,8880,FALSE,SIN,Asia Pacific,Singapore,223 ms,4197 kB/s
47.236.93.176,8880,FALSE,SIN,Asia Pacific,Singapore,239 ms,4186 kB/s
47.236.169.15,2052,FALSE,SIN,Asia Pacific,Singapore,221 ms,4181 kB/s
47.236.165.25,8880,FALSE,SIN,Asia Pacific,Singapore,232 ms,4177 kB/s
47.236.75.113,2095,FALSE,SIN,Asia Pacific,Singapore,228 ms,4173 kB/s
47.236.172.71,2052,FALSE,SIN,Asia Pacific,Singapore,230 ms,4163 kB/s
47.236.75.113,8080,FALSE,SIN,Asia Pacific,Singapore,218 ms,4160 kB/s
47.236.174.206,8080,FALSE,SIN,Asia Pacific,Singapore,222 ms,4154 kB/s
47.236.123.133,2052,FALSE,SIN,Asia Pacific,Singapore,219 ms,4150 kB/s
47.236.10.182,8880,FALSE,SIN,Asia Pacific,Singapore,229 ms,4148 kB/s
8.222.254.91,80,FALSE,SIN,Asia Pacific,Singapore,240 ms,4142 kB/s
47.236.144.196,80,FALSE,SIN,Asia Pacific,Singapore,252 ms,4132 kB/s
47.236.104.98,2095,FALSE,SIN,Asia Pacific,Singapore,217 ms,4132 kB/s
47.236.167.231,2052,FALSE,SIN,Asia Pacific,Singapore,230 ms,4130 kB/s
47.236.150.13,80,FALSE,SIN,Asia Pacific,Singapore,220 ms,4129 kB/s
47.236.253.41,2086,FALSE,SIN,Asia Pacific,Singapore,245 ms,4128 kB/s
8.219.142.191,2086,FALSE,SIN,Asia Pacific,Singapore,230 ms,4126 kB/s
47.236.11.84,2086,FALSE,SIN,Asia Pacific,Singapore,219 ms,4119 kB/s
47.236.170.54,2082,FALSE,SIN,Asia Pacific,Singapore,216 ms,4119 kB/s
47.236.169.15,2095,FALSE,SIN,Asia Pacific,Singapore,239 ms,4109 kB/s
47.236.116.26,8080,FALSE,SIN,Asia Pacific,Singapore,241 ms,4098 kB/s
8.219.245.187,2086,FALSE,SIN,Asia Pacific,Singapore,238 ms,4097 kB/s
8.222.219.34,2095,FALSE,SIN,Asia Pacific,Singapore,220 ms,4096 kB/s
47.236.104.11,2082,FALSE,SIN,Asia Pacific,Singapore,250 ms,4079 kB/s
47.236.117.48,2086,FALSE,SIN,Asia Pacific,Singapore,215 ms,4053 kB/s
8.210.9.129,80,FALSE,HKG,Asia Pacific,Hong Kong,60 ms,4045 kB/s
47.236.168.17,2082,FALSE,SIN,Asia Pacific,Singapore,223 ms,4013 kB/s
47.237.8.82,2095,FALSE,SIN,Asia Pacific,Singapore,234 ms,3984 kB/s
47.236.169.164,2052,FALSE,SIN,Asia Pacific,Singapore,228 ms,3971 kB/s
47.236.144.196,2086,FALSE,SIN,Asia Pacific,Singapore,256 ms,3958 kB/s
47.236.172.71,8880,FALSE,SIN,Asia Pacific,Singapore,242 ms,3953 kB/s
47.236.167.231,80,FALSE,SIN,Asia Pacific,Singapore,239 ms,3942 kB/s
8.219.103.57,2095,FALSE,SIN,Asia Pacific,Singapore,235 ms,3918 kB/s
47.236.169.164,8880,FALSE,SIN,Asia Pacific,Singapore,224 ms,3882 kB/s
47.236.144.196,2052,FALSE,SIN,Asia Pacific,Singapore,272 ms,3879 kB/s
47.236.10.100,2082,FALSE,SIN,Asia Pacific,Singapore,227 ms,3879 kB/s
8.222.219.34,8080,FALSE,SIN,Asia Pacific,Singapore,235 ms,3851 kB/s
47.236.97.90,2086,FALSE,SIN,Asia Pacific,Singapore,219 ms,3842 kB/s
8.219.106.156,2082,FALSE,SIN,Asia Pacific,Singapore,241 ms,3837 kB/s
47.88.85.197,2095,FALSE,SJC,North America,San Jose,174 ms,3832 kB/s
47.236.169.15,2082,FALSE,SIN,Asia Pacific,Singapore,234 ms,3809 kB/s
47.236.167.231,2095,FALSE,SIN,Asia Pacific,Singapore,221 ms,3787 kB/s
8.222.254.91,8880,FALSE,SIN,Asia Pacific,Singapore,253 ms,3782 kB/s
8.219.153.237,2095,FALSE,NRT,Asia Pacific,Tokyo,309 ms,3773 kB/s
47.236.171.205,2052,FALSE,SIN,Asia Pacific,Singapore,225 ms,3757 kB/s
47.236.104.11,8880,FALSE,SIN,Asia Pacific,Singapore,215 ms,3754 kB/s
47.236.253.41,8080,FALSE,SIN,Asia Pacific,Singapore,222 ms,3724 kB/s
8.219.142.191,8080,FALSE,SIN,Asia Pacific,Singapore,225 ms,3702 kB/s
47.236.11.84,2052,FALSE,SIN,Asia Pacific,Singapore,235 ms,3697 kB/s
47.236.144.208,2086,FALSE,SIN,Asia Pacific,Singapore,262 ms,3659 kB/s
8.219.122.55,2082,FALSE,SIN,Asia Pacific,Singapore,218 ms,3640 kB/s
47.236.116.26,2052,FALSE,SIN,Asia Pacific,Singapore,233 ms,3630 kB/s
47.236.180.51,2052,FALSE,SIN,Asia Pacific,Singapore,220 ms,3608 kB/s
47.236.83.239,2095,FALSE,SIN,Asia Pacific,Singapore,244 ms,3604 kB/s
47.236.116.26,2086,FALSE,SIN,Asia Pacific,Singapore,220 ms,3577 kB/s
8.222.219.34,2052,FALSE,SIN,Asia Pacific,Singapore,227 ms,3531 kB/s
47.236.158.158,2052,FALSE,SIN,Asia Pacific,Singapore,216 ms,3516 kB/s
47.236.166.131,8080,FALSE,SIN,Asia Pacific,Singapore,213 ms,3501 kB/s
47.236.166.131,2082,FALSE,SIN,Asia Pacific,Singapore,235 ms,3498 kB/s
47.236.93.176,2082,FALSE,SIN,Asia Pacific,Singapore,218 ms,3496 kB/s
8.219.235.164,80,FALSE,SIN,Asia Pacific,Singapore,220 ms,3489 kB/s
47.76.94.15,8080,FALSE,HKG,Asia Pacific,Hong Kong,66 ms,3488 kB/s
47.236.104.98,80,FALSE,SIN,Asia Pacific,Singapore,224 ms,3487 kB/s
47.236.121.7,8080,FALSE,SIN,Asia Pacific,Singapore,233 ms,3469 kB/s
47.236.180.51,8080,FALSE,SIN,Asia Pacific,Singapore,213 ms,3464 kB/s
47.236.104.11,8080,FALSE,SIN,Asia Pacific,Singapore,241 ms,3415 kB/s
8.219.156.148,2086,FALSE,SIN,Asia Pacific,Singapore,215 ms,3408 kB/s
47.236.169.15,8080,FALSE,SIN,Asia Pacific,Singapore,225 ms,3395 kB/s
47.236.83.239,8080,FALSE,SIN,Asia Pacific,Singapore,233 ms,3389 kB/s
47.236.121.7,2052,FALSE,SIN,Asia Pacific,Singapore,275 ms,3323 kB/s
47.236.169.141,2052,FALSE,SIN,Asia Pacific,Singapore,223 ms,3321 kB/s
47.236.10.100,2052,FALSE,SIN,Asia Pacific,Singapore,228 ms,3303 kB/s
47.236.169.164,2095,FALSE,SIN,Asia Pacific,Singapore,224 ms,3263 kB/s
47.236.104.98,2086,FALSE,SIN,Asia Pacific,Singapore,220 ms,3260 kB/s
8.219.209.14,2095,FALSE,SIN,Asia Pacific,Singapore,230 ms,3243 kB/s
47.236.170.54,2052,FALSE,SIN,Asia Pacific,Singapore,225 ms,3240 kB/s
47.236.166.131,2095,FALSE,SIN,Asia Pacific,Singapore,215 ms,3230 kB/s
47.76.32.108,8080,FALSE,HKG,Asia Pacific,Hong Kong,60 ms,3222 kB/s
47.236.104.98,8880,FALSE,SIN,Asia Pacific,Singapore,239 ms,3180 kB/s
47.236.125.62,2082,FALSE,NRT,Asia Pacific,Tokyo,308 ms,3170 kB/s
47.236.167.231,2086,FALSE,SIN,Asia Pacific,Singapore,230 ms,3160 kB/s
47.236.202.91,8080,FALSE,SIN,Asia Pacific,Singapore,235 ms,3083 kB/s
8.219.142.191,2052,FALSE,SIN,Asia Pacific,Singapore,239 ms,3056 kB/s
47.236.165.25,80,FALSE,SIN,Asia Pacific,Singapore,227 ms,3045 kB/s
47.243.162.49,8080,FALSE,HKG,Asia Pacific,Hong Kong,64 ms,3009 kB/s
47.236.144.208,8880,FALSE,SIN,Asia Pacific,Singapore,253 ms,3009 kB/s
47.236.10.100,2095,FALSE,SIN,Asia Pacific,Singapore,216 ms,2980 kB/s
47.236.97.90,80,FALSE,SIN,Asia Pacific,Singapore,253 ms,2920 kB/s
47.236.104.98,2052,FALSE,SIN,Asia Pacific,Singapore,241 ms,2918 kB/s
47.236.174.206,2095,FALSE,SIN,Asia Pacific,Singapore,223 ms,2890 kB/s
47.236.121.7,8880,FALSE,SIN,Asia Pacific,Singapore,247 ms,2890 kB/s
47.237.8.82,8880,FALSE,SIN,Asia Pacific,Singapore,236 ms,2869 kB/s
47.76.32.108,80,FALSE,HKG,Asia Pacific,Hong Kong,60 ms,2813 kB/s
47.236.253.41,8880,FALSE,SIN,Asia Pacific,Singapore,230 ms,2781 kB/s
47.236.75.113,2082,FALSE,SIN,Asia Pacific,Singapore,218 ms,2761 kB/s
47.236.253.41,2082,FALSE,SIN,Asia Pacific,Singapore,233 ms,2735 kB/s
47.236.174.206,80,FALSE,SIN,Asia Pacific,Singapore,224 ms,2651 kB/s
8.219.67.133,2086,FALSE,SIN,Asia Pacific,Singapore,210 ms,2637 kB/s
47.236.116.26,2082,FALSE,SIN,Asia Pacific,Singapore,242 ms,2625 kB/s
47.76.32.108,2052,FALSE,HKG,Asia Pacific,Hong Kong,67 ms,2603 kB/s
47.236.169.164,8080,FALSE,SIN,Asia Pacific,Singapore,216 ms,2441 kB/s
8.219.97.179,8880,FALSE,SIN,Asia Pacific,Singapore,215 ms,2354 kB/s
8.219.153.237,8880,FALSE,NRT,Asia Pacific,Tokyo,288 ms,2242 kB/s
47.236.97.90,2082,FALSE,SIN,Asia Pacific,Singapore,251 ms,2236 kB/s
8.219.67.133,8080,FALSE,SIN,Asia Pacific,Singapore,219 ms,2163 kB/s
8.219.122.55,8880,FALSE,SIN,Asia Pacific,Singapore,218 ms,2161 kB/s
47.76.178.146,2086,FALSE,HKG,Asia Pacific,Hong Kong,56 ms,1756 kB/s
47.76.171.106,8080,FALSE,HKG,Asia Pacific,Hong Kong,58 ms,1581 kB/s
8.210.107.246,8080,FALSE,HKG,Asia Pacific,Hong Kong,60 ms,1243 kB/s
47.243.162.49,8880,FALSE,HKG,Asia Pacific,Hong Kong,58 ms,1053 kB/s
